<?xml version="1.0" encoding="utf-8"?>
<scenario xmlns="urn:perfcake:scenario:2.0">

  <generator class="DefaultMessageGenerator" threads="${perfcake.performance.thread.count:1}">
    <run type="time" value="${perfcake.performance.duration:30000}"/>                                                                                
    <property name="threadQueueSize" value="50000"/>                                                                                                                                                                                          
  </generator>
              
  <sender class="org.perfcake.plugins.jenkins_tools.RandomTargetSender">
    <property name="target" value="http://${server.url}:${server.port:8080}/createItem?name=$RANDOM"/>
    <property name="method" value="POST"/>
  </sender>

  <reporting>
    <reporter class="ResponseTimeReporter">
      <destination class="CSVDestination">
        <period type="time" value="1000"/>
        <property name="path" value="perf-logs/createFreestyleJob/response-time.csv"/>
      </destination>
    </reporter>
  </reporting>
    
  <messages>
    <message uri="createFreestyle.xml"/>
  </messages>

</scenario>
