<?xml version="1.0" encoding="utf-8"?>
<scenario xmlns="urn:perfcake:scenario:2.0">

  <properties>
    <property name="server.url" value="${server.url}"/>
    <property name="server.port" value="${server.port}"/>
  </properties>

  <generator class="DefaultMessageGenerator" threads="${perfcake.performance.thread.count:100}">
    <run type="time" value="${perfcake.performance.duration:60000}"/>
    <property name="threadQueueSize" value="50000"/>
  </generator>
  
  <sender class="HTTPSSender">
    <property name="target" value="https://${server.url}:${server.port:8080}/job/testFreestyleJob/configure"/>
    <property name="method" value="GET"/>                                                                                            
  </sender>
  
  <reporting>
    <reporter class="ResponseTimeReporter">
      <destination class="CSVDestination">
        <period type="time" value="1000"/>
        <property name="path" value="perf-logs/getFreestyleJob/response-time.csv"/>
      </destination>
    </reporter>
    <reporter class="AverageThroughputReporter">
      <destination class="CSVDestination">
        <period type="time" value="500"/>
        <property name="path" value="perf-logs/getFreestyleJob/throughput-iter.csv"/>
      </destination>
    </reporter>
  </reporting>
  
</scenario>
